af: Afrikaans
af_NA: Afrikaans (Namibia)
af_ZA: Afrikaans (South Africa)
agq: Aghem
agq_CM: Aghem (Cameroon)
ain: Ainu
ain_JP: Ainu (Japan)
ak: Akan
ak_GH: Akan (Ghana)
am: Amharic
am_ET: Amharic (Ethiopia)
apw: Apache, Western
apw_US: Apache, Western (United States)
ar: ʻAlapia
ar_001: ʻAlapia (001)
ar_AE: ʻAlapia (AE)
ar_BH: ʻAlapia (BH)
ar_DJ: ʻAlapia (DJ)
ar_DZ: ʻAlapia (DZ)
ar_EG: ʻAlapia (EG)
ar_EH: ʻAlapia (EH)
ar_ER: ʻAlapia (ER)
ar_IL: ʻAlapia (ʻIseraʻela)
ar_IQ: ʻAlapia (IQ)
ar_JO: ʻAlapia (JO)
ar_KM: ʻAlapia (KM)
ar_KW: ʻAlapia (KW)
ar_LB: ʻAlapia (LB)
ar_LY: ʻAlapia (LY)
ar_MA: ʻAlapia (MA)
ar_MR: ʻAlapia (MR)
ar_OM: ʻAlapia (OM)
ar_PS: ʻAlapia (PS)
ar_QA: ʻAlapia (QA)
ar_SA: ʻAlapia (SA)
ar_SD: ʻAlapia (SD)
ar_SO: ʻAlapia (SO)
ar_SS: ʻAlapia (SS)
ar_SY: ʻAlapia (SY)
ar_TD: ʻAlapia (TD)
ar_TN: ʻAlapia (TN)
ar_YE: ʻAlapia (YE)
arn: Mapuche
arn_CL: Mapuche (Chile)
as: Assamese
as_IN: Assamese (India)
asa: Asu
asa_TZ: Asu (Tanzania)
ast: Asturian
ast_ES: Asturian (Spain)
az: Azerbaijani
az_Cyrl: Azerbaijani (Cyrillic)
az_Cyrl_AZ: Azerbaijani (Cyrillic, Azerbaijan)
az_Latn: Azerbaijani (Latin)
az_Latn_AZ: Azerbaijani (Latin, Azerbaijan)
ba: Bashkir
ba_RU: Bashkir (Russia)
bas: Basaa
bas_CM: Basaa (Cameroon)
be: Belarusian
be_BY: Belarusian (Belarus)
bem: Bemba
bem_ZM: Bemba (Zambia)
bez: Bena
bez_TZ: Bena (Tanzania)
bg: Bulgarian
bg_BG: Bulgarian (Bulgaria)
bm: Bambara
bm_ML: Bambara (Mali)
bn: Bangla
bn_BD: Bangla (Bangladesh)
bn_IN: Bangla (India)
bo: Tibetan
bo_CN: Tibetan (China mainland)
bo_IN: Tibetan (India)
br: Breton
br_FR: Breton (France)
brx: Bodo
brx_IN: Bodo (India)
bs: Bosnian
bs_Cyrl: Bosnian (Cyrillic)
bs_Cyrl_BA: Bosnian (Cyrillic, Bosnia & Herzegovina)
bs_Latn: Bosnian (Latin)
bs_Latn_BA: Bosnian (Latin, Bosnia & Herzegovina)
byn: Blin
byn_ER: Blin (Eritrea)
ca: Catalan
ca_AD: Catalan (Andorra)
ca_ES: Catalan (Spain)
ca_FR: Catalan (France)
ca_IT: Catalan (Italy)
ccp: Chakma
ccp_BD: Chakma (Bangladesh)
ccp_IN: Chakma (India)
ce: Chechen
ce_RU: Chechen (Russia)
ceb: Cebuano
ceb_PH: Cebuano (Philippines)
cgg: Chiga
cgg_UG: Chiga (Uganda)
chr: Cherokee
chr_US: Cherokee (United States)
ckb: Kurdish, Sorani
ckb_IQ: Kurdish, Sorani (Iraq)
ckb_IR: Kurdish, Sorani (Iran)
co: Corsican
co_FR: Corsican (France)
cs: Czech
cs_CZ: Czech (Czechia)
cv: Chuvash
cv_RU: Chuvash (Russia)
cy: Wale
cy_GB: Wale (Aupuni Mōʻī Hui Pū ʻIa)
da: Kenemaka
da_DK: Kenemaka (Kenemaka)
da_GL: Kenemaka (GL)
dav: Taita
dav_KE: Taita (Kenya)
de: Kelemānia
de_AT: Kelemānia (AT)
de_BE: Kelemānia (BE)
de_CH: Kelemānia (CH)
de_DE: Kelemānia (Kelemānia)
de_IT: Kelemānia (ʻĪkālia)
de_LI: Kelemānia (LI)
de_LU: Kelemānia (LU)
dje: Zarma
dje_NE: Zarma (Niger)
doi: Dogri
doi_IN: Dogri (India)
dsb: Lower Sorbian
dsb_DE: Lower Sorbian (Germany)
dua: Duala
dua_CM: Duala (Cameroon)
dv: Dhivehi
dv_MV: Dhivehi (Maldives)
dyo: Jola-Fonyi
dyo_SN: Jola-Fonyi (Senegal)
dz: Dzongkha
dz_BT: Dzongkha (Bhutan)
ebu: Embu
ebu_KE: Embu (Kenya)
ee: Ewe
ee_GH: Ewe (Ghana)
ee_TG: Ewe (Togo)
el: Helene
el_CY: Helene (CY)
el_GR: Helene (Helene)
en: Pelekānia
en_001: Pelekānia (001)
en_150: Pelekānia (150)
en_AE: Pelekānia (AE)
en_AG: Pelekānia (AG)
en_AI: Pelekānia (AI)
en_AL: Pelekānia (AL)
en_AR: Pelekānia (AR)
en_AS: Pelekānia (AS)
en_AT: Pelekānia (AT)
en_AU: Pelekānia (Nūhōlani)
en_BB: Pelekānia (BB)
en_BD: Pelekānia (BD)
en_BE: Pelekānia (BE)
en_BG: Pelekānia (BG)
en_BI: Pelekānia (BI)
en_BM: Pelekānia (BM)
en_BN: Pelekānia (BN)
en_BR: Pelekānia (BR)
en_BS: Pelekānia (BS)
en_BW: Pelekānia (BW)
en_BZ: Pelekānia (BZ)
en_CA: Pelekānia (Kanakā)
en_CC: Pelekānia (CC)
en_CH: Pelekānia (CH)
en_CK: Pelekānia (CK)
en_CL: Pelekānia (CL)
en_CM: Pelekānia (CM)
en_CN: Pelekānia (Kina)
en_CO: Pelekānia (CO)
en_CV: Pelekānia (CV)
en_CX: Pelekānia (CX)
en_CY: Pelekānia (CY)
en_CZ: Pelekānia (CZ)
en_DE: Pelekānia (Kelemānia)
en_DG: Pelekānia (DG)
en_DK: Pelekānia (Kenemaka)
en_DM: Pelekānia (DM)
en_EE: Pelekānia (EE)
en_ER: Pelekānia (ER)
en_FI: Pelekānia (FI)
en_FJ: Pelekānia (FJ)
en_FK: Pelekānia (FK)
en_FM: Pelekānia (FM)
en_FR: Pelekānia (Palani)
en_GB: Pelekānia (Aupuni Mōʻī Hui Pū ʻIa)
en_GD: Pelekānia (GD)
en_GG: Pelekānia (GG)
en_GH: Pelekānia (GH)
en_GI: Pelekānia (GI)
en_GM: Pelekānia (GM)
en_GR: Pelekānia (Helene)
en_GU: Pelekānia (GU)
en_GY: Pelekānia (GY)
en_HK: Pelekānia (HK)
en_HU: Pelekānia (HU)
en_ID: Pelekānia (ID)
en_IE: Pelekānia (ʻIlelani)
en_IL: Pelekānia (ʻIseraʻela)
en_IM: Pelekānia (IM)
en_IN: Pelekānia (ʻĪnia)
en_IO: Pelekānia (IO)
en_JE: Pelekānia (JE)
en_JM: Pelekānia (JM)
en_JP: Pelekānia (Iāpana)
en_KE: Pelekānia (KE)
en_KI: Pelekānia (KI)
en_KN: Pelekānia (KN)
en_KR: Pelekānia (KR)
en_KY: Pelekānia (KY)
en_LC: Pelekānia (LC)
en_LR: Pelekānia (LR)
en_LS: Pelekānia (LS)
en_LT: Pelekānia (LT)
en_LV: Pelekānia (LV)
en_MG: Pelekānia (MG)
en_MH: Pelekānia (MH)
en_MM: Pelekānia (MM)
en_MO: Pelekānia (MO)
en_MP: Pelekānia (MP)
en_MS: Pelekānia (MS)
en_MT: Pelekānia (MT)
en_MU: Pelekānia (MU)
en_MV: Pelekānia (MV)
en_MW: Pelekānia (MW)
en_MX: Pelekānia (Mekiko)
en_MY: Pelekānia (MY)
en_NA: Pelekānia (NA)
en_NF: Pelekānia (NF)
en_NG: Pelekānia (NG)
en_NL: Pelekānia (Hōlani)
en_NO: Pelekānia (NO)
en_NR: Pelekānia (NR)
en_NU: Pelekānia (NU)
en_NZ: Pelekānia (Aotearoa)
en_PG: Pelekānia (PG)
en_PH: Pelekānia (ʻĀina Pilipino)
en_PK: Pelekānia (PK)
en_PL: Pelekānia (PL)
en_PN: Pelekānia (PN)
en_PR: Pelekānia (PR)
en_PT: Pelekānia (PT)
en_PW: Pelekānia (PW)
en_RU: Pelekānia (Lūkia)
en_RW: Pelekānia (RW)
en_SA: Pelekānia (SA)
en_SB: Pelekānia (SB)
en_SC: Pelekānia (SC)
en_SD: Pelekānia (SD)
en_SE: Pelekānia (SE)
en_SG: Pelekānia (SG)
en_SH: Pelekānia (SH)
en_SI: Pelekānia (SI)
en_SK: Pelekānia (SK)
en_SL: Pelekānia (SL)
en_SS: Pelekānia (SS)
en_SX: Pelekānia (SX)
en_SZ: Pelekānia (SZ)
en_TC: Pelekānia (TC)
en_TH: Pelekānia (TH)
en_TK: Pelekānia (TK)
en_TO: Pelekānia (TO)
en_TR: Pelekānia (TR)
en_TT: Pelekānia (TT)
en_TV: Pelekānia (TV)
en_TW: Pelekānia (TW)
en_TZ: Pelekānia (TZ)
en_UA: Pelekānia (UA)
en_UG: Pelekānia (UG)
en_UM: Pelekānia (UM)
en_US: Pelekānia (ʻAmelika Hui Pū ʻIa)
en_US_POSIX: Pelekānia (ʻAmelika Hui Pū ʻIa, POSIX)
en_VC: Pelekānia (VC)
en_VG: Pelekānia (VG)
en_VI: Pelekānia (VI)
en_VU: Pelekānia (VU)
en_WS: Pelekānia (WS)
en_ZA: Pelekānia (ZA)
en_ZM: Pelekānia (ZM)
en_ZW: Pelekānia (ZW)
eo: Esperanto
eo_001: Esperanto (world)
es: Paniolo
es_003: Paniolo (003)
es_419: Paniolo (419)
es_AG: Paniolo (AG)
es_AR: Paniolo (AR)
es_BB: Paniolo (BB)
es_BM: Paniolo (BM)
es_BO: Paniolo (BO)
es_BQ: Paniolo (BQ)
es_BR: Paniolo (BR)
es_BS: Paniolo (BS)
es_BZ: Paniolo (BZ)
es_CA: Paniolo (Kanakā)
es_CL: Paniolo (CL)
es_CO: Paniolo (CO)
es_CR: Paniolo (CR)
es_CU: Paniolo (CU)
es_CW: Paniolo (CW)
es_DM: Paniolo (DM)
es_DO: Paniolo (DO)
es_EA: Paniolo (EA)
es_EC: Paniolo (EC)
es_ES: Paniolo (Kepania)
es_GD: Paniolo (GD)
es_GQ: Paniolo (GQ)
es_GT: Paniolo (GT)
es_GY: Paniolo (GY)
es_HN: Paniolo (HN)
es_HT: Paniolo (HT)
es_IC: Paniolo (IC)
es_KN: Paniolo (KN)
es_KY: Paniolo (KY)
es_LC: Paniolo (LC)
es_MX: Paniolo (Mekiko)
es_NI: Paniolo (NI)
es_PA: Paniolo (PA)
es_PE: Paniolo (PE)
es_PH: Paniolo (ʻĀina Pilipino)
es_PR: Paniolo (PR)
es_PY: Paniolo (PY)
es_SV: Paniolo (SV)
es_TC: Paniolo (TC)
es_TT: Paniolo (TT)
es_US: Paniolo (ʻAmelika Hui Pū ʻIa)
es_UY: Paniolo (UY)
es_VC: Paniolo (VC)
es_VE: Paniolo (VE)
es_VG: Paniolo (VG)
es_VI: Paniolo (VI)
et: Estonian
et_EE: Estonian (Estonia)
eu: Basque
eu_ES: Basque (Spain)
ewo: Ewondo
ewo_CM: Ewondo (Cameroon)
fa: Persian
fa_AF: Persian (Afghanistan)
fa_IR: Persian (Iran)
ff: Fula
ff_Adlm: Fula (Adlam)
ff_Adlm_BF: Fula (Adlam, Burkina Faso)
ff_Adlm_CM: Fula (Adlam, Cameroon)
ff_Adlm_GH: Fula (Adlam, Ghana)
ff_Adlm_GM: Fula (Adlam, Gambia)
ff_Adlm_GN: Fula (Adlam, Guinea)
ff_Adlm_GW: Fula (Adlam, Guinea-Bissau)
ff_Adlm_LR: Fula (Adlam, Liberia)
ff_Adlm_MR: Fula (Adlam, Mauritania)
ff_Adlm_NE: Fula (Adlam, Niger)
ff_Adlm_NG: Fula (Adlam, Nigeria)
ff_Adlm_SL: Fula (Adlam, Sierra Leone)
ff_Adlm_SN: Fula (Adlam, Senegal)
ff_Latn: Fula (Latin)
ff_Latn_BF: Fula (Latin, Burkina Faso)
ff_Latn_CM: Fula (Latin, Cameroon)
ff_Latn_GH: Fula (Latin, Ghana)
ff_Latn_GM: Fula (Latin, Gambia)
ff_Latn_GN: Fula (Latin, Guinea)
ff_Latn_GW: Fula (Latin, Guinea-Bissau)
ff_Latn_LR: Fula (Latin, Liberia)
ff_Latn_MR: Fula (Latin, Mauritania)
ff_Latn_NE: Fula (Latin, Niger)
ff_Latn_NG: Fula (Latin, Nigeria)
ff_Latn_SL: Fula (Latin, Sierra Leone)
ff_Latn_SN: Fula (Latin, Senegal)
fi: Finnish
fi_FI: Finnish (Finland)
fil: Filipino
fil_PH: Filipino (Philippines)
fo: Faroese
fo_DK: Faroese (Denmark)
fo_FO: Faroese (Faroe Islands)
fr: Palani
fr_BE: Palani (BE)
fr_BF: Palani (BF)
fr_BI: Palani (BI)
fr_BJ: Palani (BJ)
fr_BL: Palani (BL)
fr_CA: Palani (Kanakā)
fr_CD: Palani (CD)
fr_CF: Palani (CF)
fr_CG: Palani (CG)
fr_CH: Palani (CH)
fr_CI: Palani (CI)
fr_CM: Palani (CM)
fr_DJ: Palani (DJ)
fr_DZ: Palani (DZ)
fr_FR: Palani (Palani)
fr_GA: Palani (GA)
fr_GF: Palani (GF)
fr_GN: Palani (GN)
fr_GP: Palani (GP)
fr_GQ: Palani (GQ)
fr_HT: Palani (HT)
fr_KM: Palani (KM)
fr_LU: Palani (LU)
fr_MA: Palani (MA)
fr_MC: Palani (MC)
fr_MF: Palani (MF)
fr_MG: Palani (MG)
fr_ML: Palani (ML)
fr_MQ: Palani (MQ)
fr_MR: Palani (MR)
fr_MU: Palani (MU)
fr_NC: Palani (NC)
fr_NE: Palani (NE)
fr_PF: Palani (PF)
fr_PM: Palani (PM)
fr_RE: Palani (RE)
fr_RW: Palani (RW)
fr_SC: Palani (SC)
fr_SN: Palani (SN)
fr_SY: Palani (SY)
fr_TD: Palani (TD)
fr_TG: Palani (TG)
fr_TN: Palani (TN)
fr_VU: Palani (VU)
fr_WF: Palani (WF)
fr_YT: Palani (YT)
fur: Friulian
fur_IT: Friulian (Italy)
fy: Western Frisian
fy_NL: Western Frisian (Netherlands)
ga: ʻAiliki
ga_GB: ʻAiliki (Aupuni Mōʻī Hui Pū ʻIa)
ga_IE: ʻAiliki (ʻIlelani)
gaa: Ga
gaa_GH: Ga (Ghana)
gd: Scottish Gaelic
gd_GB: Scottish Gaelic (United Kingdom)
gez: Geez
gez_ER: Geez (Eritrea)
gez_ET: Geez (Ethiopia)
gl: Galician
gl_ES: Galician (Spain)
gn: Guarani
gn_PY: Guarani (Paraguay)
gsw: Kuikilani Kelemānia
gsw_CH: Kuikilani Kelemānia (CH)
gsw_FR: Kuikilani Kelemānia (Palani)
gsw_LI: Kuikilani Kelemānia (LI)
gu: Gujarati
gu_IN: Gujarati (India)
guz: Gusii
guz_KE: Gusii (Kenya)
gv: Manx
gv_IM: Manx (Isle of Man)
ha: Hausa
ha_GH: Hausa (Ghana)
ha_NE: Hausa (Niger)
ha_NG: Hausa (Nigeria)
haw: ʻŌlelo Hawaiʻi
haw_US: ʻŌlelo Hawaiʻi (ʻAmelika Hui Pū ʻIa)
he: Hebera
he_IL: Hebera (ʻIseraʻela)
hi: Hindi
hi_IN: Hindi (India)
hi_Latn: Hindi (Latin)
hi_Latn_IN: Hindi (Latin, India)
hr: Croatian
hr_BA: Croatian (Bosnia & Herzegovina)
hr_HR: Croatian (Croatia)
hsb: Upper Sorbian
hsb_DE: Upper Sorbian (Germany)
hu: Hungarian
hu_HU: Hungarian (Hungary)
hy: Armenian
hy_AM: Armenian (Armenia)
ia: Interlingua
ia_001: Interlingua (world)
id: Indonesian
id_ID: Indonesian (Indonesia)
ig: Igbo
ig_NG: Igbo (Nigeria)
ii: Sichuan Yi
ii_CN: Sichuan Yi (China mainland)
io: Ido
io_001: Ido (world)
is: Icelandic
is_IS: Icelandic (Iceland)
it: ʻĪkālia
it_CH: ʻĪkālia (CH)
it_IT: ʻĪkālia (ʻĪkālia)
it_SM: ʻĪkālia (SM)
it_VA: ʻĪkālia (VA)
iu: Inuktitut
iu_CA: Inuktitut (Canada)
ja: Kepanī
ja_JP: Kepanī (Iāpana)
jbo: Lojban
jbo_001: Lojban (world)
jgo: Ngomba
jgo_CM: Ngomba (Cameroon)
jmc: Machame
jmc_TZ: Machame (Tanzania)
jv: Javanese
jv_ID: Javanese (Indonesia)
ka: Georgian
ka_GE: Georgian (Georgia)
kab: Kabyle
kab_DZ: Kabyle (Algeria)
kaj: Jju
kaj_NG: Jju (Nigeria)
kam: Kamba
kam_KE: Kamba (Kenya)
kcg: Tyap
kcg_NG: Tyap (Nigeria)
kde: Makonde
kde_TZ: Makonde (Tanzania)
kea: Kabuverdianu
kea_CV: Kabuverdianu (Cape Verde)
khq: Koyra Chiini
khq_ML: Koyra Chiini (Mali)
ki: Kikuyu
ki_KE: Kikuyu (Kenya)
kk: Kazakh
kk_KZ: Kazakh (Kazakhstan)
kkj: Kako
kkj_CM: Kako (Cameroon)
kl: Kalaallisut
kl_GL: Kalaallisut (Greenland)
kln: Kalenjin
kln_KE: Kalenjin (Kenya)
km: Khmer
km_KH: Khmer (Cambodia)
kn: Kannada
kn_IN: Kannada (India)
ko: Kōlea
ko_KP: Kōlea (KP)
ko_KR: Kōlea (KR)
kok: Konkani
kok_IN: Konkani (India)
kpe: Kpelle
kpe_GN: Kpelle (Guinea)
kpe_LR: Kpelle (Liberia)
ks: Kashmiri
ks_Arab: ks (Arab)
ks_Arab_IN: ks (Arab, ʻĪnia)
ks_Aran_IN: ks (Aran, ʻĪnia)
ks_Deva: ks (Deva)
ks_Deva_IN: ks (Deva, ʻĪnia)
ksb: Shambala
ksb_TZ: Shambala (Tanzania)
ksf: Bafia
ksf_CM: Bafia (Cameroon)
ksh: Colognian
ksh_DE: Colognian (Germany)
ku: Kurdish
ku_TR: Kurdish (Turkey)
kw: Cornish
kw_GB: Cornish (United Kingdom)
ky: Kyrgyz
ky_KG: Kyrgyz (Kyrgyzstan)
lag: Langi
lag_TZ: Langi (Tanzania)
lb: Luxembourgish
lb_LU: Luxembourgish (Luxembourg)
lg: Ganda
lg_UG: Ganda (Uganda)
lkt: Lakota
lkt_US: Lakota (United States)
ln: Lingala
ln_AO: Lingala (Angola)
ln_CD: Lingala (Congo - Kinshasa)
ln_CF: Lingala (Central African Republic)
ln_CG: Lingala (Congo - Brazzaville)
lo: Lao
lo_LA: Lao (Laos)
lrc: Northern Luri
lrc_IQ: Northern Luri (Iraq)
lrc_IR: Northern Luri (Iran)
lt: Lithuanian
lt_LT: Lithuanian (Lithuania)
lu: Luba-Katanga
lu_CD: Luba-Katanga (Congo - Kinshasa)
luo: Luo
luo_KE: Luo (Kenya)
luy: Luyia
luy_KE: Luyia (Kenya)
lv: Latvian
lv_LV: Latvian (Latvia)
mai: Maithili
mai_IN: Maithili (India)
mas: Masai
mas_KE: Masai (Kenya)
mas_TZ: Masai (Tanzania)
mer: Meru
mer_KE: Meru (Kenya)
mfe: Morisyen
mfe_MU: Morisyen (Mauritius)
mg: Malagasy
mg_MG: Malagasy (Madagascar)
mgh: Makhuwa-Meetto
mgh_MZ: Makhuwa-Meetto (Mozambique)
mgo: Metaʼ
mgo_CM: Metaʼ (Cameroon)
mi: Māori
mi_NZ: Māori (Aotearoa)
mk: Macedonian
mk_MK: Macedonian (North Macedonia)
ml: Malayalam
ml_IN: Malayalam (India)
mn: Mongolian
mn_MN: Mongolian (Mongolia)
mni: Manipuri
mni_Beng: Manipuri (Bangla)
mni_Beng_IN: Manipuri (Bangla, India)
mni_Mtei: Manipuri (Meitei Mayek)
mni_Mtei_IN: Manipuri (Meitei Mayek, India)
moh: Mohawk
moh_CA: Mohawk (Canada)
mr: Marathi
mr_IN: Marathi (India)
ms: Malay
ms_Arab: Malay (Arabic)
ms_Arab_BN: Malay (Arabic, Brunei)
ms_Arab_MY: Malay (Arabic, Malaysia)
ms_BN: Malay (Brunei)
ms_ID: Malay (Indonesia)
ms_MY: Malay (Malaysia)
ms_SG: Malay (Singapore)
mt: Maltese
mt_MT: Maltese (Malta)
mua: Mundang
mua_CM: Mundang (Cameroon)
my: Burmese
my_MM: Burmese (Myanmar [Burma])
myv: Erzya
myv_RU: Erzya (Russia)
mzn: Mazanderani
mzn_IR: Mazanderani (Iran)
naq: Nama
naq_NA: Nama (Namibia)
nb: Norwegian Bokmål
nb_NO: Norwegian Bokmål (Norway)
nb_SJ: Norwegian Bokmål (Svalbard & Jan Mayen)
nd: North Ndebele
nd_ZW: North Ndebele (Zimbabwe)
nds: Low German
nds_DE: Low German (Germany)
nds_NL: Low German (Netherlands)
ne: Nepali
ne_IN: Nepali (India)
ne_NP: Nepali (Nepal)
nl: Hōlani
nl_AW: Hōlani (AW)
nl_BE: Hōlani (BE)
nl_BQ: Hōlani (BQ)
nl_CW: Hōlani (CW)
nl_NL: Hōlani (Hōlani)
nl_SR: Hōlani (SR)
nl_SX: Hōlani (SX)
nmg: Kwasio
nmg_CM: Kwasio (Cameroon)
nn: Norwegian Nynorsk
nn_NO: Norwegian Nynorsk (Norway)
nnh: Ngiemboon
nnh_CM: Ngiemboon (Cameroon)
no: Norwegian
nqo: N’Ko
nqo_GN: N’Ko (Guinea)
nr: South Ndebele
nr_ZA: South Ndebele (South Africa)
nso: Northern Sotho
nso_ZA: Northern Sotho (South Africa)
nus: Nuer
nus_SS: Nuer (South Sudan)
nv: Navajo
nv_US: Navajo (United States)
ny: Nyanja
ny_MW: Nyanja (Malawi)
nyn: Nyankole
nyn_UG: Nyankole (Uganda)
oc: Occitan
oc_FR: Occitan (France)
om: Oromo
om_ET: Oromo (Ethiopia)
om_KE: Oromo (Kenya)
or: Odia
or_IN: Odia (India)
os: Ossetic
os_GE: Ossetic (Georgia)
os_RU: Ossetic (Russia)
pa: Punjabi
pa_Arab: pa (Arab)
pa_Arab_PK: pa (Arab, PK)
pa_Aran_PK: pa (Aran, PK)
pa_Guru: pa (Guru)
pa_Guru_IN: pa (Guru, ʻĪnia)
pcm: Nigerian Pidgin
pcm_NG: Nigerian Pidgin (Nigeria)
pl: Polish
pl_PL: Polish (Poland)
ps: Pashto
ps_AF: Pashto (Afghanistan)
ps_PK: Pashto (Pakistan)
pt: Pukikī
pt_AO: Pukikī (AO)
pt_BR: Pukikī (BR)
pt_CH: Pukikī (CH)
pt_CV: Pukikī (CV)
pt_FR: Pukikī (Palani)
pt_GQ: Pukikī (GQ)
pt_GW: Pukikī (GW)
pt_LU: Pukikī (LU)
pt_MO: Pukikī (MO)
pt_MZ: Pukikī (MZ)
pt_PT: Pukikī (PT)
pt_ST: Pukikī (ST)
pt_TL: Pukikī (TL)
qu: Quechua
qu_BO: Quechua (Bolivia)
qu_EC: Quechua (Ecuador)
qu_PE: Quechua (Peru)
rhg: Rohingya
rhg_Rohg: Rohingya (Hanifi)
rhg_Rohg_BD: Rohingya (Hanifi, Bangladesh)
rhg_Rohg_MM: Rohingya (Hanifi, Myanmar [Burma])
rm: Romansh
rm_CH: Romansh (Switzerland)
rn: Rundi
rn_BI: Rundi (Burundi)
ro: Romanian
ro_MD: Romanian (Moldova)
ro_RO: Romanian (Romania)
rof: Rombo
rof_TZ: Rombo (Tanzania)
ru: Lūkia
ru_BY: Lūkia (BY)
ru_KG: Lūkia (KG)
ru_KZ: Lūkia (KZ)
ru_MD: Lūkia (MD)
ru_RU: Lūkia (Lūkia)
ru_UA: Lūkia (UA)
rw: Kinyarwanda
rw_RW: Kinyarwanda (Rwanda)
rwk: Rwa
rwk_TZ: Rwa (Tanzania)
sa: Sanskrit
sa_IN: Sanskrit (India)
sah: Sakha
sah_RU: Sakha (Russia)
saq: Samburu
saq_KE: Samburu (Kenya)
sat: Santali
sat_Deva: Santali (Devanagari)
sat_Deva_IN: Santali (Devanagari, India)
sat_Olck: Santali (Ol Chiki)
sat_Olck_IN: Santali (Ol Chiki, India)
sbp: Sangu
sbp_TZ: Sangu (Tanzania)
sc: Sardinian
sc_IT: Sardinian (Italy)
scn: Sicilian
scn_IT: Sicilian (Italy)
sd: Sindhi
sd_Arab: Sindhi (Arabic)
sd_Arab_PK: Sindhi (Arabic, Pakistan)
sd_Deva: Sindhi (Devanagari)
sd_Deva_IN: Sindhi (Devanagari, India)
se: Northern Sami
se_FI: Northern Sami (Finland)
se_NO: Northern Sami (Norway)
se_SE: Northern Sami (Sweden)
seh: Sena
seh_MZ: Sena (Mozambique)
ses: Koyraboro Senni
ses_ML: Koyraboro Senni (Mali)
sg: Sango
sg_CF: Sango (Central African Republic)
shi: Tachelhit
shi_Latn: Tachelhit (Latin)
shi_Latn_MA: Tachelhit (Latin, Morocco)
shi_Tfng: Tachelhit (Tifinagh)
shi_Tfng_MA: Tachelhit (Tifinagh, Morocco)
si: Sinhala
si_LK: Sinhala (Sri Lanka)
sk: Slovak
sk_SK: Slovak (Slovakia)
sl: Slovenian
sl_SI: Slovenian (Slovenia)
sm: Kāmoa
sm_AS: Kāmoa (AS)
sm_WS: Kāmoa (WS)
smn: Inari Sami
smn_FI: Inari Sami (Finland)
sn: Shona
sn_ZW: Shona (Zimbabwe)
so: Somali
so_DJ: Somali (Djibouti)
so_ET: Somali (Ethiopia)
so_KE: Somali (Kenya)
so_SO: Somali (Somalia)
sq: Albanian
sq_AL: Albanian (Albania)
sq_MK: Albanian (North Macedonia)
sq_XK: Albanian (Kosovo)
sr: Serbian
sr_Cyrl: Serbian (Cyrillic)
sr_Cyrl_BA: Serbian (Cyrillic, Bosnia & Herzegovina)
sr_Cyrl_ME: Serbian (Cyrillic, Montenegro)
sr_Cyrl_RS: Serbian (Cyrillic, Serbia)
sr_Cyrl_XK: Serbian (Cyrillic, Kosovo)
sr_Latn: Serbian (Latin)
sr_Latn_BA: Serbian (Latin, Bosnia & Herzegovina)
sr_Latn_ME: Serbian (Latin, Montenegro)
sr_Latn_RS: Serbian (Latin, Serbia)
sr_Latn_XK: Serbian (Latin, Kosovo)
ss: Swati
ss_SZ: Swati (Eswatini)
ss_ZA: Swati (South Africa)
st: Southern Sotho
st_LS: Southern Sotho (Lesotho)
st_ZA: Southern Sotho (South Africa)
su: Sundanese
su_Latn: Sundanese (Latin)
su_Latn_ID: Sundanese (Latin, Indonesia)
sv: Kuekene
sv_AX: Kuekene (AX)
sv_FI: Kuekene (FI)
sv_SE: Kuekene (SE)
sw: Swahili
sw_CD: Swahili (Congo - Kinshasa)
sw_KE: Swahili (Kenya)
sw_TZ: Swahili (Tanzania)
sw_UG: Swahili (Uganda)
syr: Assyrian
syr_IQ: Assyrian (Iraq)
syr_SY: Assyrian (Syria)
ta: Tamil
ta_IN: Tamil (India)
ta_LK: Tamil (Sri Lanka)
ta_MY: Tamil (Malaysia)
ta_SG: Tamil (Singapore)
te: Telugu
te_IN: Telugu (India)
teo: Teso
teo_KE: Teso (Kenya)
teo_UG: Teso (Uganda)
tg: Tajik
tg_TJ: Tajik (Tajikistan)
th: Thai
th_TH: Thai (Thailand)
ti: Tigrinya
ti_ER: Tigrinya (Eritrea)
ti_ET: Tigrinya (Ethiopia)
tig: Tigre
tig_ER: Tigre (Eritrea)
tk: Turkmen
tk_TM: Turkmen (Turkmenistan)
tn: Tswana
tn_BW: Tswana (Botswana)
tn_ZA: Tswana (South Africa)
to: Tonga
to_TO: Tonga (TO)
tr: Turkish
tr_CY: Turkish (Cyprus)
tr_TR: Turkish (Turkey)
trv: Taroko
trv_TW: Taroko (Taiwan)
ts: Tsonga
ts_ZA: Tsonga (South Africa)
tt: Tatar
tt_RU: Tatar (Russia)
twq: Tasawaq
twq_NE: Tasawaq (Niger)
tzm: Central Atlas Tamazight
tzm_MA: Central Atlas Tamazight (Morocco)
ug: Uyghur
ug_CN: Uyghur (China mainland)
uk: Ukrainian
uk_UA: Ukrainian (Ukraine)
ur: Urdu
ur_Arab: ur (Arab)
ur_Arab_IN: ur (Arab, ʻĪnia)
ur_Arab_PK: ur (Arab, PK)
ur_Aran_PK: ur (Aran, PK)
uz: Uzbek
uz_Arab: Uzbek (Arabic)
uz_Arab_AF: Uzbek (Arabic, Afghanistan)
uz_Cyrl: Uzbek (Cyrillic)
uz_Cyrl_UZ: Uzbek (Cyrillic, Uzbekistan)
uz_Latn: Uzbek (Latin)
uz_Latn_UZ: Uzbek (Latin, Uzbekistan)
vai: Vai
vai_Latn: Vai (Latin)
vai_Latn_LR: Vai (Latin, Liberia)
vai_Vaii: Vai (Vai)
vai_Vaii_LR: Vai (Vai, Liberia)
ve: Venda
ve_ZA: Venda (South Africa)
vi: Wiekanama
vi_VN: Wiekanama (VN)
vun: Vunjo
vun_TZ: Vunjo (Tanzania)
wa: Walloon
wa_BE: Walloon (Belgium)
wae: Walser
wae_CH: Walser (Switzerland)
wal: Wolaytta
wal_ET: Wolaytta (Ethiopia)
wo: Wolof
wo_SN: Wolof (Senegal)
xh: Xhosa
xh_ZA: Xhosa (South Africa)
xog: Soga
xog_UG: Soga (Uganda)
yav: Yangben
yav_CM: Yangben (Cameroon)
yi: Yiddish
yi_001: Yiddish (world)
yo: Yoruba
yo_BJ: Yoruba (Benin)
yo_NG: Yoruba (Nigeria)
yue: Cantonese
yue_Hans: yue (Hans)
yue_Hans_CN: yue (Hans, Kina)
yue_Hant: yue (Hant)
yue_Hant_HK: yue (Hant, HK)
zgh: Standard Moroccan Tamazight
zgh_MA: Standard Moroccan Tamazight (Morocco)
zh: Pākē
zh_Hans: Pākē Hoʻomaʻalahi ʻia
zh_Hans_CN: Pākē Hoʻomaʻalahi ʻia (Kina)
zh_Hans_HK: Pākē Hoʻomaʻalahi ʻia (HK)
zh_Hans_JP: Pākē Hoʻomaʻalahi ʻia (Iāpana)
zh_Hans_MO: Pākē Hoʻomaʻalahi ʻia (MO)
zh_Hans_SG: Pākē Hoʻomaʻalahi ʻia (SG)
zh_Hant: Pākē Kuʻuna
zh_Hant_CN: Pākē Kuʻuna (Kina)
zh_Hant_HK: Pākē Kuʻuna (HK)
zh_Hant_MO: Pākē Kuʻuna (MO)
zh_Hant_TW: Pākē Kuʻuna (TW)
zu: Zulu
zu_ZA: Zulu (South Africa)
