af: afrikaans
af_NA: afrikaans (Namibia)
af_ZA: afrikaans (Africa dal Sid)
agq: aghem
agq_CM: aghem (Camerun)
ain: ainu
ain_JP: ainu (Giapun)
ak: akan
ak_GH: akan (Ghana)
am: amaric
am_ET: amaric (Etiopia)
apw: Apache, Western
apw_US: Apache, Western (United States)
ar: arab
ar_001: arab (mund)
ar_AE: arab (Emirats Arabs Unids)
ar_BH: arab (Bahrain)
ar_DJ: arab (Dschibuti)
ar_DZ: arab (Algeria)
ar_EG: arab (Egipta)
ar_EH: arab (Sahara Occidentala)
ar_ER: arab (Eritrea)
ar_IL: arab (Israel)
ar_IQ: arab (Irac)
ar_JO: arab (Jordania)
ar_KM: arab (Comoras)
ar_KW: arab (Kuwait)
ar_LB: arab (Libanon)
ar_LY: arab (Libia)
ar_MA: arab (Maroc)
ar_MR: arab (Mauretania)
ar_OM: arab (Oman)
ar_PS: arab (Territori Palestinais)
ar_QA: arab (Katar)
ar_SA: arab (Arabia Saudita)
ar_SD: arab (Sudan)
ar_SO: arab (Somalia)
ar_SS: arab (Sudan dal Sid)
ar_SY: arab (Siria)
ar_TD: arab (Tschad)
ar_TN: arab (Tunesia)
ar_YE: arab (Jemen)
arn: araucanic
arn_CL: araucanic (Chile)
as: assami
as_IN: assami (India)
asa: asu
asa_TZ: asu (Tansania)
ast: asturian
ast_ES: asturian (Spagna)
az: aserbeidschanic
az_Cyrl: aserbeidschanic (cirillic)
az_Cyrl_AZ: aserbeidschanic (cirillic, Aserbaidschan)
az_Latn: aserbeidschanic (latin)
az_Latn_AZ: aserbeidschanic (latin, Aserbaidschan)
ba: baschkir
ba_RU: baschkir (Russia)
bas: basaa
bas_CM: basaa (Camerun)
be: bieloruss
be_BY: bieloruss (Bielorussia)
bem: bemba
bem_ZM: bemba (Sambia)
bez: bena
bez_TZ: bena (Tansania)
bg: bulgar
bg_BG: bulgar (Bulgaria)
bm: bambara
bm_ML: bambara (Mali)
bn: bengal
bn_BD: bengal (Bangladesch)
bn_IN: bengal (India)
bo: tibetan
bo_CN: tibetan (China)
bo_IN: tibetan (India)
br: breton
br_FR: breton (Frantscha)
brx: bodo
brx_IN: bodo (India)
bs: bosniac
bs_Cyrl: bosniac (cirillic)
bs_Cyrl_BA: bosniac (cirillic, Bosnia ed Erzegovina)
bs_Latn: bosniac (latin)
bs_Latn_BA: bosniac (latin, Bosnia ed Erzegovina)
byn: blin
byn_ER: blin (Eritrea)
ca: catalan
ca_AD: catalan (Andorra)
ca_ES: catalan (Spagna)
ca_FR: catalan (Frantscha)
ca_IT: catalan (Italia)
ccp: chakma
ccp_BD: chakma (Bangladesch)
ccp_IN: chakma (India)
ce: tschetschen
ce_RU: tschetschen (Russia)
ceb: cebuano
ceb_PH: cebuano (Filippinas)
cgg: chiga
cgg_UG: chiga (Uganda)
chr: cherokee
chr_US: cherokee (Stadis Unids da l’America)
ckb: curd central
ckb_IQ: curd central (Irac)
ckb_IR: curd central (Iran)
co: cors
co_FR: cors (Frantscha)
cs: tschec
cs_CZ: tschec (Tschechia)
cv: tschuvasch
cv_RU: tschuvasch (Russia)
cy: kimric
cy_GB: kimric (Reginavel Unì)
da: danais
da_DK: danais (Danemarc)
da_GL: danais (Grönlanda)
dav: taita
dav_KE: taita (Kenia)
de: tudestg
de_AT: tudestg (Austria)
de_BE: tudestg (Belgia)
de_CH: tudestg (Svizra)
de_DE: tudestg (Germania)
de_IT: tudestg (Italia)
de_LI: tudestg (Liechtenstein)
de_LU: tudestg (Luxemburg)
dje: zarma
dje_NE: zarma (Niger)
doi: dogri
doi_IN: dogri (India)
dsb: bass sorb
dsb_DE: bass sorb (Germania)
dua: duala
dua_CM: duala (Camerun)
dv: maledivic
dv_MV: maledivic (Maldivas)
dyo: jola-fonyi
dyo_SN: jola-fonyi (Senegal)
dz: dzongkha
dz_BT: dzongkha (Bhutan)
ebu: embu
ebu_KE: embu (Kenia)
ee: ewe
ee_GH: ewe (Ghana)
ee_TG: ewe (Togo)
el: grec
el_CY: grec (Cipra)
el_GR: grec (Grezia)
en: englais
en_001: englais (mund)
en_150: englais (Europa)
en_AE: englais (Emirats Arabs Unids)
en_AG: englais (Antigua e Barbuda)
en_AI: englais (Anguilla)
en_AL: englais (Albania)
en_AR: englais (Argentinia)
en_AS: englais (Samoa Americana)
en_AT: englais (Austria)
en_AU: englais (Australia)
en_BB: englais (Barbados)
en_BD: englais (Bangladesch)
en_BE: englais (Belgia)
en_BG: englais (Bulgaria)
en_BI: englais (Burundi)
en_BM: englais (Bermudas)
en_BN: englais (Brunei)
en_BR: englais (Brasilia)
en_BS: englais (Bahamas)
en_BW: englais (Botswana)
en_BZ: englais (Belize)
en_CA: englais (Canada)
en_CC: englais (Inslas Cocos)
en_CH: englais (Svizra)
en_CK: englais (Inslas Cook)
en_CL: englais (Chile)
en_CM: englais (Camerun)
en_CN: englais (China)
en_CO: englais (Columbia)
en_CV: englais (Cap Verd)
en_CX: englais (Insla da Nadal)
en_CY: englais (Cipra)
en_CZ: englais (Tschechia)
en_DE: englais (Germania)
en_DG: englais (Diego Garcia)
en_DK: englais (Danemarc)
en_DM: englais (Dominica)
en_EE: englais (Estonia)
en_ER: englais (Eritrea)
en_FI: englais (Finlanda)
en_FJ: englais (Fidschi)
en_FK: englais (Inslas dal Falkland)
en_FM: englais (Micronesia)
en_FR: englais (Frantscha)
en_GB: englais (Reginavel Unì)
en_GD: englais (Grenada)
en_GG: englais (Guernsey)
en_GH: englais (Ghana)
en_GI: englais (Gibraltar)
en_GM: englais (Gambia)
en_GR: englais (Grezia)
en_GU: englais (Guam)
en_GY: englais (Guyana)
en_HK: englais (Hong Kong)
en_HU: englais (Ungaria)
en_ID: englais (Indonesia)
en_IE: englais (Irlanda)
en_IL: englais (Israel)
en_IM: englais (Insla da Man)
en_IN: englais (India)
en_IO: englais (Territori Britannic en l’Ocean Indic)
en_JE: englais (Jersey)
en_JM: englais (Giamaica)
en_JP: englais (Giapun)
en_KE: englais (Kenia)
en_KI: englais (Kiribati)
en_KN: englais (Saint Kitts e Nevis)
en_KR: englais (Corea dal Sid)
en_KY: englais (Inslas Cayman)
en_LC: englais (Saint Lucia)
en_LR: englais (Liberia)
en_LS: englais (Lesotho)
en_LT: englais (Lituania)
en_LV: englais (Lettonia)
en_MG: englais (Madagascar)
en_MH: englais (Inslas da Marshall)
en_MM: englais (Myanmar [Burma])
en_MO: englais (Macao)
en_MP: englais (Inslas Mariannas dal Nord)
en_MS: englais (Montserrat)
en_MT: englais (Malta)
en_MU: englais (Mauritius)
en_MV: englais (Maldivas)
en_MW: englais (Malawi)
en_MX: englais (Mexico)
en_MY: englais (Malaisia)
en_NA: englais (Namibia)
en_NF: englais (Insla Norfolk)
en_NG: englais (Nigeria)
en_NL: englais (Pajais Bass)
en_NO: englais (Norvegia)
en_NR: englais (Nauru)
en_NU: englais (Niue)
en_NZ: englais (Nova Zelanda)
en_PG: englais (Papua Nova Guinea)
en_PH: englais (Filippinas)
en_PK: englais (Pakistan)
en_PL: englais (Pologna)
en_PN: englais (Pitcairn)
en_PR: englais (Puerto Rico)
en_PT: englais (Portugal)
en_PW: englais (Palau)
en_RU: englais (Russia)
en_RW: englais (Ruanda)
en_SA: englais (Arabia Saudita)
en_SB: englais (Inslas Salomonas)
en_SC: englais (Seychellas)
en_SD: englais (Sudan)
en_SE: englais (Svezia)
en_SG: englais (Singapur)
en_SH: englais (Sontg’Elena)
en_SI: englais (Slovenia)
en_SK: englais (Slovachia)
en_SL: englais (Sierra Leone)
en_SS: englais (Sudan dal Sid)
en_SX: englais (Sint Maarten)
en_SZ: englais (Eswatini)
en_TC: englais (Inslas Turks e Caicos)
en_TH: englais (Tailanda)
en_TK: englais (Tokelau)
en_TO: englais (Tonga)
en_TR: englais (Tirchia)
en_TT: englais (Trinidad e Tobago)
en_TV: englais (Tuvalu)
en_TW: englais (Taiwan)
en_TZ: englais (Tansania)
en_UA: englais (Ucraina)
en_UG: englais (Uganda)
en_UM: englais (Inslas Pitschnas Perifericas dals Stadis Unids da l’America)
en_US: englais (Stadis Unids da l’America)
en_US_POSIX: englais (Stadis Unids da l’America, computer)
en_VC: englais (Saint Vincent e las Grenadinas)
en_VG: englais (Inslas Virginas Britannicas)
en_VI: englais (Inslas Virginas Americanas)
en_VU: englais (Vanuatu)
en_WS: englais (Samoa)
en_ZA: englais (Africa dal Sid)
en_ZM: englais (Sambia)
en_ZW: englais (Simbabwe)
eo: esperanto
eo_001: esperanto (mund)
es: spagnol
es_003: spagnol (America dal Nord)
es_419: spagnol (America Latina)
es_AG: spagnol (Antigua e Barbuda)
es_AR: spagnol (Argentinia)
es_BB: spagnol (Barbados)
es_BM: spagnol (Bermudas)
es_BO: spagnol (Bolivia)
es_BQ: spagnol (Antillas Ollandaisas)
es_BR: spagnol (Brasilia)
es_BS: spagnol (Bahamas)
es_BZ: spagnol (Belize)
es_CA: spagnol (Canada)
es_CL: spagnol (Chile)
es_CO: spagnol (Columbia)
es_CR: spagnol (Costa Rica)
es_CU: spagnol (Cuba)
es_CW: spagnol (Curaçao)
es_DM: spagnol (Dominica)
es_DO: spagnol (Republica Dominicana)
es_EA: spagnol (Ceuta e Melilla)
es_EC: spagnol (Ecuador)
es_ES: spagnol (Spagna)
es_GD: spagnol (Grenada)
es_GQ: spagnol (Guinea Equatoriala)
es_GT: spagnol (Guatemala)
es_GY: spagnol (Guyana)
es_HN: spagnol (Honduras)
es_HT: spagnol (Haiti)
es_IC: spagnol (Inslas Canarias)
es_KN: spagnol (Saint Kitts e Nevis)
es_KY: spagnol (Inslas Cayman)
es_LC: spagnol (Saint Lucia)
es_MX: spagnol (Mexico)
es_NI: spagnol (Nicaragua)
es_PA: spagnol (Panama)
es_PE: spagnol (Peru)
es_PH: spagnol (Filippinas)
es_PR: spagnol (Puerto Rico)
es_PY: spagnol (Paraguai)
es_SV: spagnol (El Salvador)
es_TC: spagnol (Inslas Turks e Caicos)
es_TT: spagnol (Trinidad e Tobago)
es_US: spagnol (Stadis Unids da l’America)
es_UY: spagnol (Uruguay)
es_VC: spagnol (Saint Vincent e las Grenadinas)
es_VE: spagnol (Venezuela)
es_VG: spagnol (Inslas Virginas Britannicas)
es_VI: spagnol (Inslas Virginas Americanas)
et: eston
et_EE: eston (Estonia)
eu: basc
eu_ES: basc (Spagna)
ewo: ewondo
ewo_CM: ewondo (Camerun)
fa: persian
fa_AF: persian (Afghanistan)
fa_IR: persian (Iran)
ff: fulah
ff_Adlm: fulah (Adlm)
ff_Adlm_BF: fulah (Adlm, Burkina Faso)
ff_Adlm_CM: fulah (Adlm, Camerun)
ff_Adlm_GH: fulah (Adlm, Ghana)
ff_Adlm_GM: fulah (Adlm, Gambia)
ff_Adlm_GN: fulah (Adlm, Guinea)
ff_Adlm_GW: fulah (Adlm, Guinea-Bissau)
ff_Adlm_LR: fulah (Adlm, Liberia)
ff_Adlm_MR: fulah (Adlm, Mauretania)
ff_Adlm_NE: fulah (Adlm, Niger)
ff_Adlm_NG: fulah (Adlm, Nigeria)
ff_Adlm_SL: fulah (Adlm, Sierra Leone)
ff_Adlm_SN: fulah (Adlm, Senegal)
ff_Latn: fulah (latin)
ff_Latn_BF: fulah (latin, Burkina Faso)
ff_Latn_CM: fulah (latin, Camerun)
ff_Latn_GH: fulah (latin, Ghana)
ff_Latn_GM: fulah (latin, Gambia)
ff_Latn_GN: fulah (latin, Guinea)
ff_Latn_GW: fulah (latin, Guinea-Bissau)
ff_Latn_LR: fulah (latin, Liberia)
ff_Latn_MR: fulah (latin, Mauretania)
ff_Latn_NE: fulah (latin, Niger)
ff_Latn_NG: fulah (latin, Nigeria)
ff_Latn_SL: fulah (latin, Sierra Leone)
ff_Latn_SN: fulah (latin, Senegal)
fi: finlandais
fi_FI: finlandais (Finlanda)
fil: filippino
fil_PH: filippino (Filippinas)
fo: feroais
fo_DK: feroais (Danemarc)
fo_FO: feroais (Inslas Feroe)
fr: franzos
fr_BE: franzos (Belgia)
fr_BF: franzos (Burkina Faso)
fr_BI: franzos (Burundi)
fr_BJ: franzos (Benin)
fr_BL: franzos (Son Barthélemy)
fr_CA: franzos (Canada)
fr_CD: franzos (Congo - Kinshasa)
fr_CF: franzos (Republica Centralafricana)
fr_CG: franzos (Congo)
fr_CH: franzos (Svizra)
fr_CI: franzos (Costa d’Ivur)
fr_CM: franzos (Camerun)
fr_DJ: franzos (Dschibuti)
fr_DZ: franzos (Algeria)
fr_FR: franzos (Frantscha)
fr_GA: franzos (Gabun)
fr_GF: franzos (Guyana Franzosa)
fr_GN: franzos (Guinea)
fr_GP: franzos (Guadeloupe)
fr_GQ: franzos (Guinea Equatoriala)
fr_HT: franzos (Haiti)
fr_KM: franzos (Comoras)
fr_LU: franzos (Luxemburg)
fr_MA: franzos (Maroc)
fr_MC: franzos (Monaco)
fr_MF: franzos (Saint Martin)
fr_MG: franzos (Madagascar)
fr_ML: franzos (Mali)
fr_MQ: franzos (Martinique)
fr_MR: franzos (Mauretania)
fr_MU: franzos (Mauritius)
fr_NC: franzos (Nova Caledonia)
fr_NE: franzos (Niger)
fr_PF: franzos (Polinesia Franzosa)
fr_PM: franzos (Saint Pierre e Miquelon)
fr_RE: franzos (Réunion)
fr_RW: franzos (Ruanda)
fr_SC: franzos (Seychellas)
fr_SN: franzos (Senegal)
fr_SY: franzos (Siria)
fr_TD: franzos (Tschad)
fr_TG: franzos (Togo)
fr_TN: franzos (Tunesia)
fr_VU: franzos (Vanuatu)
fr_WF: franzos (Wallis & Futuna)
fr_YT: franzos (Mayotte)
fur: friulan
fur_IT: friulan (Italia)
fy: fris
fy_NL: fris (Pajais Bass)
ga: irlandais
ga_GB: irlandais (Reginavel Unì)
ga_IE: irlandais (Irlanda)
gaa: ga
gaa_GH: ga (Ghana)
gd: gaelic scot
gd_GB: gaelic scot (Reginavel Unì)
gez: geez
gez_ER: geez (Eritrea)
gez_ET: geez (Etiopia)
gl: galician
gl_ES: galician (Spagna)
gn: guarani
gn_PY: guarani (Paraguai)
gsw: tudestg svizzer
gsw_CH: tudestg svizzer (Svizra)
gsw_FR: tudestg svizzer (Frantscha)
gsw_LI: tudestg svizzer (Liechtenstein)
gu: gujarati
gu_IN: gujarati (India)
guz: gusii
guz_KE: gusii (Kenia)
gv: manx
gv_IM: manx (Insla da Man)
ha: haussa
ha_GH: haussa (Ghana)
ha_NE: haussa (Niger)
ha_NG: haussa (Nigeria)
haw: hawaian
haw_US: hawaian (Stadis Unids da l’America)
he: ebraic
he_IL: ebraic (Israel)
hi: hindi
hi_IN: hindi (India)
hi_Latn: hindi (latin)
hi_Latn_IN: hindi (latin, India)
hr: croat
hr_BA: croat (Bosnia ed Erzegovina)
hr_HR: croat (Croazia)
hsb: aut sorb
hsb_DE: aut sorb (Germania)
hu: ungarais
hu_HU: ungarais (Ungaria)
hy: armen
hy_AM: armen (Armenia)
ia: interlingua
ia_001: interlingua (mund)
id: indonais
id_ID: indonais (Indonesia)
ig: igbo
ig_NG: igbo (Nigeria)
ii: sichuan yi
ii_CN: sichuan yi (China)
io: ido
io_001: ido (mund)
is: islandais
is_IS: islandais (Islanda)
it: talian
it_CH: talian (Svizra)
it_IT: talian (Italia)
it_SM: talian (San Marino)
it_VA: talian (Citad dal Vatican)
iu: inuktitut
iu_CA: inuktitut (Canada)
ja: giapunais
ja_JP: giapunais (Giapun)
jbo: lojban
jbo_001: lojban (mund)
jgo: ngomba
jgo_CM: ngomba (Camerun)
jmc: machame
jmc_TZ: machame (Tansania)
jv: javanais
jv_ID: javanais (Indonesia)
ka: georgian
ka_GE: georgian (Georgia)
kab: kabyle
kab_DZ: kabyle (Algeria)
kaj: jju
kaj_NG: jju (Nigeria)
kam: kamba
kam_KE: kamba (Kenia)
kcg: tyap
kcg_NG: tyap (Nigeria)
kde: makonde
kde_TZ: makonde (Tansania)
kea: cabverdian
kea_CV: cabverdian (Cap Verd)
khq: koyra chiini
khq_ML: koyra chiini (Mali)
ki: kikuyu
ki_KE: kikuyu (Kenia)
kk: casac
kk_KZ: casac (Kasachstan)
kkj: kako
kkj_CM: kako (Camerun)
kl: grönlandais
kl_GL: grönlandais (Grönlanda)
kln: kalenjin
kln_KE: kalenjin (Kenia)
km: cambodschan
km_KH: cambodschan (Cambodscha)
kn: kannada
kn_IN: kannada (India)
ko: corean
ko_KP: corean (Corea dal Nord)
ko_KR: corean (Corea dal Sid)
kok: konkani
kok_IN: konkani (India)
kpe: kpelle
kpe_GN: kpelle (Guinea)
kpe_LR: kpelle (Liberia)
ks: kashmiri
ks_Arab: kashmiri (arab)
ks_Arab_IN: kashmiri (arab, India)
ks_Aran_IN: kashmiri (Aran, India)
ks_Deva: kashmiri (devanagari)
ks_Deva_IN: kashmiri (devanagari, India)
ksb: shambala
ksb_TZ: shambala (Tansania)
ksf: bafia
ksf_CM: bafia (Camerun)
ksh: colognais
ksh_DE: colognais (Germania)
ku: curd
ku_TR: curd (Tirchia)
kw: cornic
kw_GB: cornic (Reginavel Unì)
ky: kirghis
ky_KG: kirghis (Kirgisistan)
lag: langi
lag_TZ: langi (Tansania)
lb: luxemburgais
lb_LU: luxemburgais (Luxemburg)
lg: ganda
lg_UG: ganda (Uganda)
lkt: lakota
lkt_US: lakota (Stadis Unids da l’America)
ln: lingala
ln_AO: lingala (Angola)
ln_CD: lingala (Congo - Kinshasa)
ln_CF: lingala (Republica Centralafricana)
ln_CG: lingala (Congo)
lo: laot
lo_LA: laot (Laos)
lrc: luri dal nord
lrc_IQ: luri dal nord (Irac)
lrc_IR: luri dal nord (Iran)
lt: lituan
lt_LT: lituan (Lituania)
lu: luba-katanga
lu_CD: luba-katanga (Congo - Kinshasa)
luo: luo
luo_KE: luo (Kenia)
luy: luyia
luy_KE: luyia (Kenia)
lv: letton
lv_LV: letton (Lettonia)
mai: maithili
mai_IN: maithili (India)
mas: masai
mas_KE: masai (Kenia)
mas_TZ: masai (Tansania)
mer: meru
mer_KE: meru (Kenia)
mfe: morisyen
mfe_MU: morisyen (Mauritius)
mg: malagassi
mg_MG: malagassi (Madagascar)
mgh: makhuwa-meetto
mgh_MZ: makhuwa-meetto (Mosambic)
mgo: meta’
mgo_CM: meta’ (Camerun)
mi: maori
mi_NZ: maori (Nova Zelanda)
mk: macedon
mk_MK: macedon (Macedonia dal Nord)
ml: malayalam
ml_IN: malayalam (India)
mn: mongolic
mn_MN: mongolic (Mongolia)
mni: manipuri
mni_Beng: manipuri (bengal)
mni_Beng_IN: manipuri (bengal, India)
mni_Mtei: manipuri (meetei mayek)
mni_Mtei_IN: manipuri (meetei mayek, India)
moh: mohawk
moh_CA: mohawk (Canada)
mr: marathi
mr_IN: marathi (India)
ms: malaic
ms_Arab: malaic (arab)
ms_Arab_BN: malaic (arab, Brunei)
ms_Arab_MY: malaic (arab, Malaisia)
ms_BN: malaic (Brunei)
ms_ID: malaic (Indonesia)
ms_MY: malaic (Malaisia)
ms_SG: malaic (Singapur)
mt: maltais
mt_MT: maltais (Malta)
mua: mundang
mua_CM: mundang (Camerun)
my: birman
my_MM: birman (Myanmar [Burma])
myv: erzya
myv_RU: erzya (Russia)
mzn: mazanderani
mzn_IR: mazanderani (Iran)
naq: nama
naq_NA: nama (Namibia)
nb: norvegais bokmål
nb_NO: norvegais bokmål (Norvegia)
nb_SJ: norvegais bokmål (Svalbard e Jan Mayen)
nd: ndebele dal nord
nd_ZW: ndebele dal nord (Simbabwe)
nds: bass tudestg
nds_DE: bass tudestg (Germania)
nds_NL: bass tudestg (Pajais Bass)
ne: nepalais
ne_IN: nepalais (India)
ne_NP: nepalais (Nepal)
nl: ollandais
nl_AW: ollandais (Aruba)
nl_BE: ollandais (Belgia)
nl_BQ: ollandais (Antillas Ollandaisas)
nl_CW: ollandais (Curaçao)
nl_NL: ollandais (Pajais Bass)
nl_SR: ollandais (Surinam)
nl_SX: ollandais (Sint Maarten)
nmg: kwasio
nmg_CM: kwasio (Camerun)
nn: norvegiais nynorsk
nn_NO: norvegiais nynorsk (Norvegia)
nnh: ngienboon
nnh_CM: ngienboon (Camerun)
no: norvegiais
nqo: n’ko
nqo_GN: n’ko (Guinea)
nr: ndebele dal sid
nr_ZA: ndebele dal sid (Africa dal Sid)
nso: sotho dal nord
nso_ZA: sotho dal nord (Africa dal Sid)
nus: nuer
nus_SS: nuer (Sudan dal Sid)
nv: navajo
nv_US: navajo (Stadis Unids da l’America)
ny: nyanja
ny_MW: nyanja (Malawi)
nyn: nyankole
nyn_UG: nyankole (Uganda)
oc: occitan
oc_FR: occitan (Frantscha)
om: oromo
om_ET: oromo (Etiopia)
om_KE: oromo (Kenia)
or: oriya
or_IN: oriya (India)
os: ossetic
os_GE: ossetic (Georgia)
os_RU: ossetic (Russia)
pa: punjabi
pa_Arab: punjabi (arab)
pa_Arab_PK: punjabi (arab, Pakistan)
pa_Aran_PK: punjabi (Aran, Pakistan)
pa_Guru: punjabi (gurmukhi)
pa_Guru_IN: punjabi (gurmukhi, India)
pcm: pidgin nigerian
pcm_NG: pidgin nigerian (Nigeria)
pl: polac
pl_PL: polac (Pologna)
ps: paschto
ps_AF: paschto (Afghanistan)
ps_PK: paschto (Pakistan)
pt: portugais
pt_AO: portugais (Angola)
pt_BR: portugais (Brasilia)
pt_CH: portugais (Svizra)
pt_CV: portugais (Cap Verd)
pt_FR: portugais (Frantscha)
pt_GQ: portugais (Guinea Equatoriala)
pt_GW: portugais (Guinea-Bissau)
pt_LU: portugais (Luxemburg)
pt_MO: portugais (Macao)
pt_MZ: portugais (Mosambic)
pt_PT: portugais (Portugal)
pt_ST: portugais (São Tomé & Príncipe)
pt_TL: portugais (Timor da l’Ost)
qu: quechua
qu_BO: quechua (Bolivia)
qu_EC: quechua (Ecuador)
qu_PE: quechua (Peru)
rhg: Rohingya
rhg_Rohg: Rohingya (Hanifi)
rhg_Rohg_BD: Rohingya (Hanifi, Bangladesh)
rhg_Rohg_MM: Rohingya (Hanifi, Myanmar [Burma])
rm: rumantsch
rm_CH: rumantsch (Svizra)
rn: rundi
rn_BI: rundi (Burundi)
ro: rumen
ro_MD: rumen (Moldavia)
ro_RO: rumen (Rumenia)
rof: rombo
rof_TZ: rombo (Tansania)
ru: russ
ru_BY: russ (Bielorussia)
ru_KG: russ (Kirgisistan)
ru_KZ: russ (Kasachstan)
ru_MD: russ (Moldavia)
ru_RU: russ (Russia)
ru_UA: russ (Ucraina)
rw: kinyarwanda
rw_RW: kinyarwanda (Ruanda)
rwk: rwa
rwk_TZ: rwa (Tansania)
sa: sanscrit
sa_IN: sanscrit (India)
sah: jakut
sah_RU: jakut (Russia)
saq: samburu
saq_KE: samburu (Kenia)
sat: santali
sat_Deva: santali (devanagari)
sat_Deva_IN: santali (devanagari, India)
sat_Olck: santali (ol chiki)
sat_Olck_IN: santali (ol chiki, India)
sbp: sangu
sbp_TZ: sangu (Tansania)
sc: sard
sc_IT: sard (Italia)
scn: sicilian
scn_IT: sicilian (Italia)
sd: sindhi
sd_Arab: sindhi (arab)
sd_Arab_PK: sindhi (arab, Pakistan)
sd_Deva: sindhi (devanagari)
sd_Deva_IN: sindhi (devanagari, India)
se: sami dal nord
se_FI: sami dal nord (Finlanda)
se_NO: sami dal nord (Norvegia)
se_SE: sami dal nord (Svezia)
seh: sena
seh_MZ: sena (Mosambic)
ses: koyraboro senni
ses_ML: koyraboro senni (Mali)
sg: sango
sg_CF: sango (Republica Centralafricana)
shi: tachelit
shi_Latn: tachelit (latin)
shi_Latn_MA: tachelit (latin, Maroc)
shi_Tfng: tachelit (tifinagh)
shi_Tfng_MA: tachelit (tifinagh, Maroc)
si: singalais
si_LK: singalais (Sri Lanka)
sk: slovac
sk_SK: slovac (Slovachia)
sl: sloven
sl_SI: sloven (Slovenia)
sm: samoan
sm_AS: samoan (Samoa Americana)
sm_WS: samoan (Samoa)
smn: sami inari
smn_FI: sami inari (Finlanda)
sn: shona
sn_ZW: shona (Simbabwe)
so: somali
so_DJ: somali (Dschibuti)
so_ET: somali (Etiopia)
so_KE: somali (Kenia)
so_SO: somali (Somalia)
sq: albanais
sq_AL: albanais (Albania)
sq_MK: albanais (Macedonia dal Nord)
sq_XK: albanais (Cosovo)
sr: serb
sr_Cyrl: serb (cirillic)
sr_Cyrl_BA: serb (cirillic, Bosnia ed Erzegovina)
sr_Cyrl_ME: serb (cirillic, Montenegro)
sr_Cyrl_RS: serb (cirillic, Serbia)
sr_Cyrl_XK: serb (cirillic, Cosovo)
sr_Latn: serb (latin)
sr_Latn_BA: serb (latin, Bosnia ed Erzegovina)
sr_Latn_ME: serb (latin, Montenegro)
sr_Latn_RS: serb (latin, Serbia)
sr_Latn_XK: serb (latin, Cosovo)
ss: swazi
ss_SZ: swazi (Eswatini)
ss_ZA: swazi (Africa dal Sid)
st: sotho dal sid
st_LS: sotho dal sid (Lesotho)
st_ZA: sotho dal sid (Africa dal Sid)
su: sundanais
su_Latn: sundanais (latin)
su_Latn_ID: sundanais (latin, Indonesia)
sv: svedais
sv_AX: svedais (Inslas Aland)
sv_FI: svedais (Finlanda)
sv_SE: svedais (Svezia)
sw: suahili
sw_CD: suahili (Congo - Kinshasa)
sw_KE: suahili (Kenia)
sw_TZ: suahili (Tansania)
sw_UG: suahili (Uganda)
syr: siric
syr_IQ: siric (Irac)
syr_SY: siric (Siria)
ta: tamil
ta_IN: tamil (India)
ta_LK: tamil (Sri Lanka)
ta_MY: tamil (Malaisia)
ta_SG: tamil (Singapur)
te: telugu
te_IN: telugu (India)
teo: teso
teo_KE: teso (Kenia)
teo_UG: teso (Uganda)
tg: tadjik
tg_TJ: tadjik (Tadschikistan)
th: tailandais
th_TH: tailandais (Tailanda)
ti: tigrinya
ti_ER: tigrinya (Eritrea)
ti_ET: tigrinya (Etiopia)
tig: tigre
tig_ER: tigre (Eritrea)
tk: turkmen
tk_TM: turkmen (Turkmenistan)
tn: tswana
tn_BW: tswana (Botswana)
tn_ZA: tswana (Africa dal Sid)
to: tonga
to_TO: tonga (Tonga)
tr: tirc
tr_CY: tirc (Cipra)
tr_TR: tirc (Tirchia)
trv: Taroko
trv_TW: Taroko (Taiwan)
ts: tsonga
ts_ZA: tsonga (Africa dal Sid)
tt: tatar
tt_RU: tatar (Russia)
twq: tasawaq
twq_NE: tasawaq (Niger)
tzm: tamazight
tzm_MA: tamazight (Maroc)
ug: uiguric
ug_CN: uiguric (China)
uk: ucranais
uk_UA: ucranais (Ucraina)
ur: urdu
ur_Arab: urdu (arab)
ur_Arab_IN: urdu (arab, India)
ur_Arab_PK: urdu (arab, Pakistan)
ur_Aran_PK: urdu (Aran, Pakistan)
uz: usbec
uz_Arab: usbec (arab)
uz_Arab_AF: usbec (arab, Afghanistan)
uz_Cyrl: usbec (cirillic)
uz_Cyrl_UZ: usbec (cirillic, Usbekistan)
uz_Latn: usbec (latin)
uz_Latn_UZ: usbec (latin, Usbekistan)
vai: vai
vai_Latn: vai (latin)
vai_Latn_LR: vai (latin, Liberia)
vai_Vaii: vai (vaii)
vai_Vaii_LR: vai (vaii, Liberia)
ve: venda
ve_ZA: venda (Africa dal Sid)
vi: vietnamais
vi_VN: vietnamais (Vietnam)
vun: vunjo
vun_TZ: vunjo (Tansania)
wa: vallon
wa_BE: vallon (Belgia)
wae: gualser
wae_CH: gualser (Svizra)
wal: walamo
wal_ET: walamo (Etiopia)
wo: wolof
wo_SN: wolof (Senegal)
xh: xhosa
xh_ZA: xhosa (Africa dal Sid)
xog: soga
xog_UG: soga (Uganda)
yav: yangben
yav_CM: yangben (Camerun)
yi: jiddic
yi_001: jiddic (mund)
yo: yoruba
yo_BJ: yoruba (Benin)
yo_NG: yoruba (Nigeria)
yue: cantonais
yue_Hans: cantonais (simplifitgà)
yue_Hans_CN: cantonais (simplifitgà, China)
yue_Hant: cantonais (tradiziunal)
yue_Hant_HK: cantonais (tradiziunal, Hong Kong)
zgh: marocan tamazight standardisà
zgh_MA: marocan tamazight standardisà (Maroc)
zh: chinais
zh_Hans: chinais simplifitgà
zh_Hans_CN: chinais simplifitgà (China)
zh_Hans_HK: chinais simplifitgà (Hong Kong)
zh_Hans_JP: chinais simplifitgà (Giapun)
zh_Hans_MO: chinais simplifitgà (Macao)
zh_Hans_SG: chinais simplifitgà (Singapur)
zh_Hant: chinais tradiziunal
zh_Hant_CN: chinais tradiziunal (China)
zh_Hant_HK: chinais tradiziunal (Hong Kong)
zh_Hant_MO: chinais tradiziunal (Macao)
zh_Hant_TW: chinais tradiziunal (Taiwan)
zu: zulu
zu_ZA: zulu (Africa dal Sid)
